#INSERT v_xsthView (xsthID, spid, spname, gg, dj, sl, je, khname, thdate, czy, jsr, jsfs) VALUES ('XT20051005002', 'sp1002', '木吉他                        ', 'HM2100', 890.0000, 1, 890.0000, '新*纪文化百货用品商城', CAST(0x000096E400DD5680 AS DateTime), 'admi', 'hj', '现金')
#INSERT v_xsthView (xsthID, spid, spname, gg, dj, sl, je, khname, thdate, czy, jsr, jsfs) VALUES ('XT20051005003', 'sp1002', '木吉他                        ', 'HM2100', 890.0000, 1, 890.0000, '新*纪文化百货用品商城', CAST(0x000096E400DF3248 AS DateTime), 'admi', 'wgh', '现金')
#INSERT v_xsthView (xsthID, spid, spname, gg, dj, sl, je, khname, thdate, czy, jsr, jsfs) VALUES ('XT20071017001', 'sp1005', '润*滴眼液', '10ml/支', 432.0000, 4830, 2086560.0000, '明*科技有限公司', CAST(0x000099CA0091977C AS DateTime), '测试人员', '432', '现金')
#INSERT v_xsthView (xsthID, spid, spname, gg, dj, sl, je, khname, thdate, czy, jsr, jsfs) VALUES ('XT20071017002', 'sp1005', '润*滴眼液', '10ml/支', 432.0000, 9660, 4173120.0000, '明*科技有限公司', CAST(0x000099CA00919FB0 AS DateTime), '测试人员', '432', '现金')
#INSERT v_xsthView (xsthID, spid, spname, gg, dj, sl, je, khname, thdate, czy, jsr, jsfs) VALUES ('XT20071109001', 'sp1007', '铅笔', '9*', 10.0000, 1, 10.0000, '明*科技有限公司', CAST(0x000099E100F24DB0 AS DateTime), 'mr', '99', '现金')
#INSERT v_xsthView (xsthID, spid, spname, gg, dj, sl, je, khname, thdate, czy, jsr, jsfs) VALUES ('XT20071206001', 'sp1005', '润*滴眼液', '10ml/支', 40.0000, 5, 200.0000, '五*缤纷', CAST(0x000099FC00EA8580 AS DateTime), '科技', '44', '现金')

#INSERT v_sellView (sellID, spname, spid, gg, dj, sl, je, khname, xsdate, czy, jsr, jsfs) VALUES ('XS20050923001', '碧**莉香型洗衣粉            ', 'sp1003', '350g', 3.5000, 1, 3.5, '新*纪文化百货用品商城', CAST(0x000096D800D9BC3C AS DateTime), 'admi', 'wgh', '现金')
#INSERT v_sellView (sellID, spname, spid, gg, dj, sl, je, khname, xsdate, czy, jsr, jsfs) VALUES ('XS20050923001', '电吉他                        ', 'sp1001', 'FD－3100', 789.0000, 1, 789, '新*纪文化百货用品商城', CAST(0x000096D800D9BC3C AS DateTime), 'admi', 'wgh', '现金')
#INSERT v_sellView (sellID, spname, spid, gg, dj, sl, je, khname, xsdate, czy, jsr, jsfs) VALUES ('XS20050923002', '碧**莉香型洗衣粉            ', 'sp1003', '350g', 3.5000, 2, 7, '新*纪文化百货用品商城', CAST(0x000096D800D9D280 AS DateTime), 'admi', 'wgh', '现金')
#INSERT v_sellView (sellID, spname, spid, gg, dj, sl, je, khname, xsdate, czy, jsr, jsfs) VALUES ('XS20050926001', '润*滴眼液', 'sp1005', '10ml/支', 10.0000, 1, 10, '新*纪文化百货用品商城', CAST(0x000096DB00E64D08 AS DateTime), 'admi', 'wgh', '现金')
#INSERT v_sellView (sellID, spname, spid, gg, dj, sl, je, khname, xsdate, czy, jsr, jsfs) VALUES ('XS20051004001', '润*滴眼液', 'sp1005', '10ml/支', 8.7000, 2, 17.4, '新*纪文化百货用品商城', CAST(0x000096E300DB7734 AS DateTime), 'admi', 'wgh', '现金')
#INSERT v_sellView (sellID, spname, spid, gg, dj, sl, je, khname, xsdate, czy, jsr, jsfs) VALUES ('XS20050104001', '木吉他                        ', 'sp1002', 'HM2100', 890.0000, 1, 890, '新*纪文化百货用品商城', CAST(0x000095D200FED3F0 AS DateTime), 'admi', 'gh', '现金')
#INSERT v_sellView (sellID, spname, spid, gg, dj, sl, je, khname, xsdate, czy, jsr, jsfs) VALUES ('XS20050104002', '木吉他                        ', 'sp1002', 'HM2100', 890.0000, 1, 890, '新*纪文化百货用品商城', CAST(0x000095D200FEEDB8 AS DateTime), 'admi', 'wg', '现金')
#INSERT v_sellView (sellID, spname, spid, gg, dj, sl, je, khname, xsdate, czy, jsr, jsfs) VALUES ('XS20050120001', '木吉他                        ', 'sp1002', 'HM2100', 890.0000, 1, 890, '新*纪文化百货用品商城', CAST(0x000095E200FF1DC4 AS DateTime), 'admi', 'g', '现金')
#INSERT v_sellView (sellID, spname, spid, gg, dj, sl, je, khname, xsdate, czy, jsr, jsfs) VALUES ('XS20050220001', '木吉他                        ', 'sp1002', 'HM2100', 890.0000, 1, 890, '新*纪文化百货用品商城', CAST(0x0000960100FF4CA4 AS DateTime), 'admi', 'gh', '现金')
#INSERT v_sellView (sellID, spname, spid, gg, dj, sl, je, khname, xsdate, czy, jsr, jsfs) VALUES ('XS20051004002', '木吉他                        ', 'sp1002', 'HM2100', 890.0000, 1, 890, '新*纪文化百货用品商城', CAST(0x000096E300FF7350 AS DateTime), 'admi', 'wgh', '现金')
#INSERT v_sellView (sellID, spname, spid, gg, dj, sl, je, khname, xsdate, czy, jsr, jsfs) VALUES ('XS20051004003', '润*滴眼液', 'sp1005', '10ml/支', 8.7000, 2, 17.4, '新*纪文化百货用品商城', CAST(0x000096E300FF8994 AS DateTime), 'admi', 'gh', '现金')
#INSERT v_sellView (sellID, spname, spid, gg, dj, sl, je, khname, xsdate, czy, jsr, jsfs) VALUES ('XS20051004004', '碧**莉香型洗衣粉            ', 'sp1003', '350g', 3.4000, 4, 13.6, '新*纪文化百货用品商城', CAST(0x000096E300FFE178 AS DateTime), 'admi', 'w', '现金')
#INSERT v_sellView (sellID, spname, spid, gg, dj, sl, je, khname, xsdate, czy, jsr, jsfs) VALUES ('XS20050309001', '电吉他                        ', 'sp1001', 'FD－3100', 1500.0000, 1, 1500, '新*纪文化百货用品商城', CAST(0x000096120102DFE0 AS DateTime), 'admi', 'kk', '现金')
#INSERT v_sellView (sellID, spname, spid, gg, dj, sl, je, khname, xsdate, czy, jsr, jsfs) VALUES ('XS20050309002', '木吉他                        ', 'sp1002', 'HM2100', 890.0000, 1, 890, '新*纪文化百货用品商城', CAST(0x00009612011DA500 AS DateTime), 'admi', '言', '现金')
#INSERT v_sellView (sellID, spname, spid, gg, dj, sl, je, khname, xsdate, czy, jsr, jsfs) VALUES ('XS20050309002', '电吉他                        ', 'sp1001', 'FD－3100', 1500.0000, 1, 1500, '新*纪文化百货用品商城', CAST(0x00009612011DA500 AS DateTime), 'admi', '言', '现金')
#INSERT v_sellView (sellID, spname, spid, gg, dj, sl, je, khname, xsdate, czy, jsr, jsfs) VALUES ('XS20051005001', '电吉他                        ', 'sp1001', 'FD－3100', 1500.0000, 1, 1500, '新*纪文化百货用品商城', CAST(0x000096E4008A6FD8 AS DateTime), 'admi', 'ttt', '现金')
#INSERT v_sellView (sellID, spname, spid, gg, dj, sl, je, khname, xsdate, czy, jsr, jsfs) VALUES ('XS20051005002', '木吉他                        ', 'sp1002', 'HM2100', 890.0000, 1, 890, '新*纪文化百货用品商城', CAST(0x000096E4008A8E50 AS DateTime), 'admi', 'eee', '现金')
#INSERT v_sellView (sellID, spname, spid, gg, dj, sl, je, khname, xsdate, czy, jsr, jsfs) VALUES ('XS20051005002', '润*滴眼液', 'sp1005', '10ml/支', 8.7000, 1, 8.7, '新*纪文化百货用品商城', CAST(0x000096E4008A8E50 AS DateTime), 'admi', 'eee', '现金')
#INSERT v_sellView (sellID, spname, spid, gg, dj, sl, je, khname, xsdate, czy, jsr, jsfs) VALUES ('XS20051005003', '碧**莉香型洗衣粉            ', 'sp1003', '350g', 3.4000, 1, 3.4, '新*纪文化百货用品商城', CAST(0x000096E4008F2104 AS DateTime), 'admi', 'ww', '现金')
#INSERT v_sellView (sellID, spname, spid, gg, dj, sl, je, khname, xsdate, czy, jsr, jsfs) VALUES ('XS20051005004', '电吉他                        ', 'sp1001', 'FD－3100', 1500.0000, 1, 1500, '新*纪文化百货用品商城', CAST(0x000096E4008F811C AS DateTime), 'admi', 'eutwi', '现金')
#INSERT v_sellView (sellID, spname, spid, gg, dj, sl, je, khname, xsdate, czy, jsr, jsfs) VALUES ('XS20051006001', '碧**莉香型洗衣粉            ', 'sp1003', '350g', 3.4000, 1, 3.4, '新*纪文化百货用品商城', CAST(0x000096E50092D768 AS DateTime), 'ya', 'yyy', '现金')
#INSERT v_sellView (sellID, spname, spid, gg, dj, sl, je, khname, xsdate, czy, jsr, jsfs) VALUES ('XS20071109001', '铅笔', 'sp1007', '9*', 10.0000, 5, 50, '明*科技有限公司', CAST(0x000099E100F22830 AS DateTime), 'mr', '小刘', '现金')
#INSERT v_sellView (sellID, spname, spid, gg, dj, sl, je, khname, xsdate, czy, jsr, jsfs) VALUES ('XS20071115001', '木吉他                        ', 'sp1002', 'HM2100', 22.0000, 22, 484, '明*科技有限公司', CAST(0x000099E70133F5E4 AS DateTime), 'mr', '00', '现金')
#INSERT v_sellView (sellID, spname, spid, gg, dj, sl, je, khname, xsdate, czy, jsr, jsfs) VALUES ('XS20071206001', '润*滴眼液', 'sp1005', '10ml/支', 40.0000, 10, 400, '五*缤纷', CAST(0x000099FC00EA6384 AS DateTime), '科技', '明明', '现金')


#INSERT v_rukuView (rkID, spid, spname, gg, dj, sl, je, gysname, rkdate, czy, jsr, jsfs) VALUES ('RK20071016001', 'sp1001', '电吉他                        ', 'FD－3100', 10.0000, 100, 1000.0000, '振撼*琴行', CAST(0x000099C900ADB3F8 AS DateTime), '测试人员', '某人', '现金')
#INSERT v_rukuView (rkID, spid, spname, gg, dj, sl, je, gysname, rkdate, czy, jsr, jsfs) VALUES ('RK20071016002', 'sp1001', '电吉他                        ', 'FD－3100', 10.0000, 400, 4000.0000, '振撼*琴行', CAST(0x000099C900AFA280 AS DateTime), '测试人员', '小小', '现金')
#INSERT v_rukuView (rkID, spid, spname, gg, dj, sl, je, gysname, rkdate, czy, jsr, jsfs) VALUES ('RK20071016003', 'sp1005', '润*滴眼液', '10ml/支', 10.0000, 400, 4000.0000, '振撼*琴行', CAST(0x000099C900AFC800 AS DateTime), '测试人员', '小小', '现金')
#INSERT v_rukuView (rkID, spid, spname, gg, dj, sl, je, gysname, rkdate, czy, jsr, jsfs) VALUES ('RK20071016003', 'sp1001', '电吉他                        ', 'FD－3100', 10.0000, 500, 5000.0000, '振撼*琴行', CAST(0x000099C900AFC800 AS DateTime), '测试人员', '小小', '现金')
#INSERT v_rukuView (rkID, spid, spname, gg, dj, sl, je, gysname, rkdate, czy, jsr, jsfs) VALUES ('RK20071016004', 'sp1005', '润*滴眼液', '10ml/支', 10.0000, 100, 1000.0000, '振撼*琴行', CAST(0x000099C900B069B8 AS DateTime), '测试人员', '1111', '现金')
#INSERT v_rukuView (rkID, spid, spname, gg, dj, sl, je, gysname, rkdate, czy, jsr, jsfs) VALUES ('RK20071016004', 'sp1001', '电吉他                        ', 'FD－3100', 10.0000, 10, 100.0000, '振撼*琴行', CAST(0x000099C900B069B8 AS DateTime), '测试人员', '1111', '现金')
#INSERT v_rukuView (rkID, spid, spname, gg, dj, sl, je, gysname, rkdate, czy, jsr, jsfs) VALUES ('RK20071016005', 'sp1005', '润*滴眼液', '10ml/支', 100.0000, 1000, 100000.0000, '振撼*琴行', CAST(0x000099C900B137F8 AS DateTime), '测试人员', 'fds', '现金')
#INSERT v_rukuView (rkID, spid, spname, gg, dj, sl, je, gysname, rkdate, czy, jsr, jsfs) VALUES ('RK20071016006', 'sp1005', '润*滴眼液', '10ml/支', 432.0000, 3330, 1438560.0000, '振撼*琴行', CAST(0x000099C900B14BE4 AS DateTime), '测试人员', 'fds', '现金')
#INSERT v_rukuView (rkID, spid, spname, gg, dj, sl, je, gysname, rkdate, czy, jsr, jsfs) VALUES ('RK20071109001', 'sp1002', '木吉他                        ', 'HM2100', 22.0000, 22, 484.0000, '新*纪文化百货商城', CAST(0x000099E100EE6290 AS DateTime), 'mr', '玲子', '现金')
#INSERT v_rukuView (rkID, spid, spname, gg, dj, sl, je, gysname, rkdate, czy, jsr, jsfs) VALUES ('RK20071109002', 'sp1007', '铅笔', '9*', 10.0000, 10, 100.0000, '新*纪文化百货商城', CAST(0x000099E100EE8360 AS DateTime), 'mr', '玲子', '现金')
#INSERT v_rukuView (rkID, spid, spname, gg, dj, sl, je, gysname, rkdate, czy, jsr, jsfs) VALUES ('RK20071109003', 'sp1005', '润*滴眼液', '10ml/支', 40.0000, 100, 4000.0000, '振撼*琴行', CAST(0x000099E10104CC10 AS DateTime), 'mr', '小百', '现金')
#INSERT v_rukuView (rkID, spid, spname, gg, dj, sl, je, gysname, rkdate, czy, jsr, jsfs) VALUES ('RK20071112001', 'sp1008', '手工艺品', '1', 10.0000, 1000, 10000.0000, '吉林省明**业有限公司', CAST(0x000099E400B1D884 AS DateTime), 'mr', '11', '现金')
#INSERT v_rukuView (rkID, spid, spname, gg, dj, sl, je, gysname, rkdate, czy, jsr, jsfs) VALUES ('RK20071206001', 'sp1008', '手工艺品', '1', 10.0000, 100, 1000.0000, '吉林省明**业有限公司', CAST(0x000099FC00E01A50 AS DateTime), '科技', '一一', '现金')

#INSERT v_rkthView (rkthID, spid, spname, gg, dj, sl, je, gysname, rtdate, czy, jsr, jsfs) VALUES ('RT20050923001', 'sp1003', '碧**莉香型洗衣粉            ', '350g', 3.5000, 1, 3.5000, '新*纪文化百货商城', CAST(0x000096D800FC8550 AS DateTime), 'admi', 'wgh', '现金')
#INSERT v_rkthView (rkthID, spid, spname, gg, dj, sl, je, gysname, rtdate, czy, jsr, jsfs) VALUES ('RT20050926001', 'sp1003', '碧**莉香型洗衣粉            ', '350g', 3.4000, 10, 34.0000, '振撼*琴行', CAST(0x000096DB00E73510 AS DateTime), 'admi', 'wg', '现金')
#INSERT v_rkthView (rkthID, spid, spname, gg, dj, sl, je, gysname, rtdate, czy, jsr, jsfs) VALUES ('RT20051005002', 'sp1003', '碧**莉香型洗衣粉            ', '350g', 3.4000, 1, 3.4000, '振撼*琴行', CAST(0x000096E400D7C454 AS DateTime), 'admi', 'wq', '现金')
#INSERT v_rkthView (rkthID, spid, spname, gg, dj, sl, je, gysname, rtdate, czy, jsr, jsfs) VALUES ('RT20051005002', 'sp1002', '木吉他                        ', 'HM2100', 890.0000, 1, 890.0000, '振撼*琴行', CAST(0x000096E400D7C454 AS DateTime), 'admi', 'wq', '现金')
#INSERT v_rkthView (rkthID, spid, spname, gg, dj, sl, je, gysname, rtdate, czy, jsr, jsfs) VALUES ('RT20071020001', 'sp1005', '润*滴眼液', '10ml/支', 431.0000, 10, 4310.0000, '振撼*琴行', CAST(0x000099CD0097494C AS DateTime), 'mr', '33333', '现金')
#INSERT v_rkthView (rkthID, spid, spname, gg, dj, sl, je, gysname, rtdate, czy, jsr, jsfs) VALUES ('RT20071109001', 'sp1001', '电吉他                        ', 'FD－3100', 101.0000, 1000, 101000.0000, '振撼*琴行', CAST(0x000099E100EFAE34 AS DateTime), 'mr', '00', '现金')
#INSERT v_rkthView (rkthID, spid, spname, gg, dj, sl, je, gysname, rtdate, czy, jsr, jsfs) VALUES ('RT20071109002', 'sp1005', '润*滴眼液', '10ml/支', 40.0000, 10, 400.0000, '振撼*琴行', CAST(0x000099E10104F064 AS DateTime), 'mr', '11', '现金')
#INSERT v_rkthView (rkthID, spid, spname, gg, dj, sl, je, gysname, rtdate, czy, jsr, jsfs) VALUES ('RT20071206001', 'sp1008', '手工艺品', '1', 10.0000, 1000, 10000.0000, '吉林省明**业有限公司', CAST(0x000099FC00E0A114 AS DateTime), '科技', '55', '现金')
#INSERT v_rkthView (rkthID, spid, spname, gg, dj, sl, je, gysname, rtdate, czy, jsr, jsfs) VALUES ('RT20071206002', 'sp1008', '手工艺品', '1', 10.0000, 50, 500.0000, '吉林省明**业有限公司', CAST(0x000099FC00F17160 AS DateTime), '科技', '232', '现金')

INSERT tb_xsth_main (xsthID, pzs, je, ysjl, khname, thdate, czy, jsr, jsfs) VALUES ('XT20051005001', 1, 790.0000, '0.00', '新*纪文化百货用品商城', "2007-10-16 02:57:00", 'admi', 'jh', '现金');
INSERT tb_xsth_main (xsthID, pzs, je, ysjl, khname, thdate, czy, jsr, jsfs) VALUES ('XT20051005002', 1, 890.0000, '90.00', '新*纪文化百货用品商城', "2007-10-16 02:57:00", 'admi', 'hj', '现金');
INSERT tb_xsth_main (xsthID, pzs, je, ysjl, khname, thdate, czy, jsr, jsfs) VALUES ('XT20051005003', 1, 890.0000, '0.00', '新*纪文化百货用品商城', "2007-10-16 02:57:00", 'admi', 'wgh', '现金');
INSERT tb_xsth_main (xsthID, pzs, je, ysjl, khname, thdate, czy, jsr, jsfs) VALUES ('XT20051216001', 1, 790.0000, '90.00', '新*纪文化百货用品商城', "2007-10-16 02:57:00", 'admi', 'kk', '现金');
INSERT tb_xsth_main (xsthID, pzs, je, ysjl, khname, thdate, czy, jsr, jsfs) VALUES ('XT20071017001', 1, 2086560.0000, '432', '明*科技有限公司', "2007-10-16 02:57:00", '测试人员', '432', '现金');
INSERT tb_xsth_main (xsthID, pzs, je, ysjl, khname, thdate, czy, jsr, jsfs) VALUES ('XT20071017002', 1, 4173120.0000, '432', '明*科技有限公司', "2007-10-16 02:57:00", '测试人员', '432', '现金');
INSERT tb_xsth_main (xsthID, pzs, je, ysjl, khname, thdate, czy, jsr, jsfs) VALUES ('XT20071109001', 1, 10.0000, '不合格', '明*科技有限公司', "2007-10-16 02:57:00", 'mr', '99', '现金');
INSERT tb_xsth_main (xsthID, pzs, je, ysjl, khname, thdate, czy, jsr, jsfs) VALUES ('XT20071206001', 1, 200.0000, '过期', '五*缤纷', "2007-10-16 02:57:00", '科技', '44', '现金');

INSERT tb_xsth_detail (id, xsthID, spid, dj, sl) VALUES (1, 'XT20051005001', 'sp1004', 790.0000, 1);
INSERT tb_xsth_detail (id, xsthID, spid, dj, sl) VALUES (2, 'XT20051005002', 'sp1002', 890.0000, 1);
INSERT tb_xsth_detail (id, xsthID, spid, dj, sl) VALUES (3, 'XT20051005003', 'sp1002', 890.0000, 1);
INSERT tb_xsth_detail (id, xsthID, spid, dj, sl) VALUES (4, 'XT20051216001', 'sp1004', 790.0000, 1);
INSERT tb_xsth_detail (id, xsthID, spid, dj, sl) VALUES (5, 'XT20071017001', 'sp1005', 432.0000, 4830);
INSERT tb_xsth_detail (id, xsthID, spid, dj, sl) VALUES (6, 'XT20071017002', 'sp1005', 432.0000, 9660);
INSERT tb_xsth_detail (id, xsthID, spid, dj, sl) VALUES (7, 'XT20071109001', 'sp1007', 10.0000, 1);
INSERT tb_xsth_detail (id, xsthID, spid, dj, sl) VALUES (8, 'XT20071206001', 'sp1005', 40.0000, 5);

INSERT tb_userlist (name, username, pass, quan) VALUES ('111', 'fff', '111', 'a');
INSERT tb_userlist (name, username, pass, quan) VALUES ('管理员', 'Tsoft', '111', 'a');

INSERT tb_spinfo (id, spname, jc, cd, dw, gg, bz, ph, pzwh, memo, gysname) VALUES ('sp1001                        ', '电吉他                        ', '吉他1', '中**连', '把', 'FD－3100', '盒', '56217', '23232', '无限延音功能、自带效果器', '振撼*琴行');
INSERT tb_spinfo (id, spname, jc, cd, dw, gg, bz, ph, pzwh, memo, gysname) VALUES ('sp1002                        ', '木吉他                        ', '吉他', '中**海', '把', 'HM2100', '盒', '32286', '875845624', '可接电', '新*纪文化百货商城');
INSERT tb_spinfo (id, spname, jc, cd, dw, gg, bz, ph, pzwh, memo, gysname) VALUES ('sp1003                        ', '碧**莉香型洗衣粉            ', 'BLMLXXXYF', '广**保洁公司', '袋', '350g', '塑包', '200509', 'Y20050102', '', '新*纪文化百货商城');
INSERT tb_spinfo (id, spname, jc, cd, dw, gg, bz, ph, pzwh, memo, gysname) VALUES ('sp1005', '润*滴眼液', 'RZDYY', '山*正大福*达制药有限公司', '盒', '10ml/支', '纸盒', '20040728', '鲁*消备字', '', '振撼*琴行');
INSERT tb_spinfo (id, spname, jc, cd, dw, gg, bz, ph, pzwh, memo, gysname) VALUES ('sp1006', '电吉他', '电吉他', '电吉他', '电吉他', '电吉他', '', '', '', '', '');
INSERT tb_spinfo (id, spname, jc, cd, dw, gg, bz, ph, pzwh, memo, gysname) VALUES ('sp1007', '铅笔', 'QB', '长春', '铅笔厂', '9*', '沿着', '14**', '222**', '无', '新*纪文化百货商城');
INSERT tb_spinfo (id, spname, jc, cd, dw, gg, bz, ph, pzwh, memo, gysname) VALUES ('sp1008', '手工艺品', 'SAYP', '长春市', '长春', '1', '5', '25', '212', '很不错', '吉林省明**业有限公司');
INSERT tb_spinfo (id, spname, jc, cd, dw, gg, bz, ph, pzwh, memo, gysname) VALUES ('sp1009', '小游戏机', 'XYXJ', '长春', 'SY有限公司', '个', '精', '22', '2255', '城区', '小公司');

INSERT tb_sell_main (sellID, pzs, je, ysjl, khname, xsdate, czy, jsr, jsfs) VALUES ('XS20050104001', 1, 890.0000, '100.00', '新*纪文化百货用品商城', "2007-10-16 02:57:00", 'admi', 'gh', '现金');
INSERT tb_sell_main (sellID, pzs, je, ysjl, khname, xsdate, czy, jsr, jsfs) VALUES ('XS20050104002', 1, 890.0000, '100.00', '新*纪文化百货用品商城', "2007-10-16 02:57:00", 'admi', 'wg', '现金');
INSERT tb_sell_main (sellID, pzs, je, ysjl, khname, xsdate, czy, jsr, jsfs) VALUES ('XS20050120001', 1, 890.0000, '200.00', '新*纪文化百货用品商城', "2007-10-16 02:57:00", 'admi', 'g', '现金')
INSERT tb_sell_main (sellID, pzs, je, ysjl, khname, xsdate, czy, jsr, jsfs) VALUES ('XS20050220001', 1, 890.0000, '100.00', '新*纪文化百货用品商城', "2007-10-16 02:57:00", 'admi', 'gh', '现金');
INSERT tb_sell_main (sellID, pzs, je, ysjl, khname, xsdate, czy, jsr, jsfs) VALUES ('XS20050309001', 1, 1500.0000, '0.00', '新*纪文化百货用品商城', "2007-10-16 02:57:00", 'admi', 'kk', '现金');
INSERT tb_sell_main (sellID, pzs, je, ysjl, khname, xsdate, czy, jsr, jsfs) VALUES ('XS20050309002', 2, 2390.0000, '2000.00', '新*纪文化百货用品商城', "2007-10-16 02:57:00", 'admi', '言', '现金');
INSERT tb_sell_main (sellID, pzs, je, ysjl, khname, xsdate, czy, jsr, jsfs) VALUES ('XS20050923001', 2, 792.5000, '792.50', '新*纪文化百货用品商城', "2007-10-16 02:57:00", 'admi', 'wgh', '现金');
INSERT tb_sell_main (sellID, pzs, je, ysjl, khname, xsdate, czy, jsr, jsfs) VALUES ('XS20050923002', 1, 7.0000, '7.00', '新*纪文化百货用品商城', "2007-10-16 02:57:00", 'admi', 'wgh', '现金');
INSERT tb_sell_main (sellID, pzs, je, ysjl, khname, xsdate, czy, jsr, jsfs) VALUES ('XS20050926001', 1, 10.0000, '10.00', '新*纪文化百货用品商城', "2007-10-16 02:57:00", 'admi', 'wgh', '现金');
INSERT tb_sell_main (sellID, pzs, je, ysjl, khname, xsdate, czy, jsr, jsfs) VALUES ('XS20051004001', 1, 17.4000, '17.40', '新*纪文化百货用品商城', "2007-10-16 02:57:00", 'admi', 'wgh', '现金');
INSERT tb_sell_main (sellID, pzs, je, ysjl, khname, xsdate, czy, jsr, jsfs) VALUES ('XS20051004002', 1, 890.0000, '0.00', '新*纪文化百货用品商城', "2007-10-16 02:57:00", 'admi', 'wgh', '现金');
INSERT tb_sell_main (sellID, pzs, je, ysjl, khname, xsdate, czy, jsr, jsfs) VALUES ('XS20051004003', 1, 17.4000, '0.00', '新*纪文化百货用品商城', "2007-10-16 02:57:00", 'admi', 'gh', '现金');
INSERT tb_sell_main (sellID, pzs, je, ysjl, khname, xsdate, czy, jsr, jsfs) VALUES ('XS20051004004', 1, 13.6000, '0.00', '新*纪文化百货用品商城', "2007-10-16 02:57:00", 'admi', 'w', '现金');
INSERT tb_sell_main (sellID, pzs, je, ysjl, khname, xsdate, czy, jsr, jsfs) VALUES ('XS20051005001', 1, 1500.0000, '0.00', '新*纪文化百货用品商城', "2007-10-16 02:57:00", 'admi', 'ttt', '现金');
INSERT tb_sell_main (sellID, pzs, je, ysjl, khname, xsdate, czy, jsr, jsfs) VALUES ('XS20051005002', 2, 898.7000, '0.00', '新*纪文化百货用品商城', "2007-10-16 02:57:00", 'admi', 'eee', '现金');
INSERT tb_sell_main (sellID, pzs, je, ysjl, khname, xsdate, czy, jsr, jsfs) VALUES ('XS20051005003', 1, 3.4000, '3.40', '新*纪文化百货用品商城', "2007-10-16 02:57:00", 'admi', 'ww', '现金');
INSERT tb_sell_main (sellID, pzs, je, ysjl, khname, xsdate, czy, jsr, jsfs) VALUES ('XS20051005004', 2, 2290.0000, '2000.00', '新*纪文化百货用品商城', "2007-10-16 02:57:00", 'admi', 'eutwi', '现金');
INSERT tb_sell_main (sellID, pzs, je, ysjl, khname, xsdate, czy, jsr, jsfs) VALUES ('XS20051006001', 1, 3.4000, '2.40', '新*纪文化百货用品商城', "2007-10-16 02:57:00", 'ya', 'yyy', '现金');
INSERT tb_sell_main (sellID, pzs, je, ysjl, khname, xsdate, czy, jsr, jsfs) VALUES ('XS20071016001', 1, 5136.0000, 'fds', '明*科技有限公司', "2007-10-16 02:57:00", '测试人员', '伙', '现金');
INSERT tb_sell_main (sellID, pzs, je, ysjl, khname, xsdate, czy, jsr, jsfs) VALUES ('XS20071017001', 1, 535428.0000, '4321', '明*科技有限公司', "2007-10-16 02:57:00", '测试人员', '4321', '现金');
INSERT tb_sell_main (sellID, pzs, je, ysjl, khname, xsdate, czy, jsr, jsfs) VALUES ('XS20071109001', 1, 50.0000, '合格', '明*科技有限公司', "2007-10-16 02:57:00", 'mr', '小刘', '现金');
INSERT tb_sell_main (sellID, pzs, je, ysjl, khname, xsdate, czy, jsr, jsfs) VALUES ('XS20071115001', 1, 484.0000, 'ggg', '明*科技有限公司', "2007-10-16 02:57:00", 'mr', '00', '现金');
INSERT tb_sell_main (sellID, pzs, je, ysjl, khname, xsdate, czy, jsr, jsfs) VALUES ('XS20071206001', 1, 400.0000, '合格', '五*缤纷', "2007-10-16 02:57:00", '科技', '明明', '现金');

INSERT tb_sell_detail (id, sellID, spid, dj, sl) VALUES (1, 'XS20050923001', 'sp1003', 3.5000, 1);
INSERT tb_sell_detail (id, sellID, spid, dj, sl) VALUES (2, 'XS20050923001', 'sp1001', 789.0000, 1);
INSERT tb_sell_detail (id, sellID, spid, dj, sl) VALUES (3, 'XS20050923002', 'sp1003', 3.5000, 2);
INSERT tb_sell_detail (id, sellID, spid, dj, sl) VALUES (4, 'XS20050926001', 'sp1005', 10.0000, 1);
INSERT tb_sell_detail (id, sellID, spid, dj, sl) VALUES (5, 'XS20051004001', 'sp1005', 8.7000, 2);
INSERT tb_sell_detail (id, sellID, spid, dj, sl) VALUES (6, 'XS20050104001', 'sp1002', 890.0000, 1);
INSERT tb_sell_detail (id, sellID, spid, dj, sl) VALUES (7, 'XS20050104002', 'sp1002', 890.0000, 1);
INSERT tb_sell_detail (id, sellID, spid, dj, sl) VALUES (8, 'XS20050120001', 'sp1002', 890.0000, 1);
INSERT tb_sell_detail (id, sellID, spid, dj, sl) VALUES (9, 'XS20050220001', 'sp1002', 890.0000, 1);
INSERT tb_sell_detail (id, sellID, spid, dj, sl) VALUES (10, 'XS20051004002', 'sp1002', 890.0000, 1);
INSERT tb_sell_detail (id, sellID, spid, dj, sl) VALUES (11, 'XS20051004003', 'sp1005', 8.7000, 2);
INSERT tb_sell_detail (id, sellID, spid, dj, sl) VALUES (12, 'XS20051004004', 'sp1003', 3.4000, 4);
INSERT tb_sell_detail (id, sellID, spid, dj, sl) VALUES (13, 'XS20050309001', 'sp1001', 1500.0000, 1);
INSERT tb_sell_detail (id, sellID, spid, dj, sl) VALUES (14, 'XS20050309002', 'sp1002', 890.0000, 1);
INSERT tb_sell_detail (id, sellID, spid, dj, sl) VALUES (15, 'XS20050309002', 'sp1001', 1500.0000, 1);
INSERT tb_sell_detail (id, sellID, spid, dj, sl) VALUES (16, 'XS20051005001', 'sp1001', 1500.0000, 1);
INSERT tb_sell_detail (id, sellID, spid, dj, sl) VALUES (17, 'XS20051005002', 'sp1002', 890.0000, 1);
INSERT tb_sell_detail (id, sellID, spid, dj, sl) VALUES (18, 'XS20051005002', 'sp1005', 8.7000, 1);
INSERT tb_sell_detail (id, sellID, spid, dj, sl) VALUES (19, 'XS20051005003', 'sp1003', 3.4000, 1);
INSERT tb_sell_detail (id, sellID, spid, dj, sl) VALUES (20, 'XS20051005004', 'sp1004', 790.0000, 1);
INSERT tb_sell_detail (id, sellID, spid, dj, sl) VALUES (21, 'XS20051005004', 'sp1001', 1500.0000, 1);
INSERT tb_sell_detail (id, sellID, spid, dj, sl) VALUES (22, 'XS20051006001', 'sp1003', 3.4000, 1);
INSERT tb_sell_detail (id, sellID, spid, dj, sl) VALUES (23, 'XS20071016001', 'sp1004', 321.0000, 16);
INSERT tb_sell_detail (id, sellID, spid, dj, sl) VALUES (24, 'XS20071017001', 'sp1004', 321.0000, 1668);
INSERT tb_sell_detail (id, sellID, spid, dj, sl) VALUES (25, 'XS20071109001', 'sp1007', 10.0000, 5);
INSERT tb_sell_detail (id, sellID, spid, dj, sl) VALUES (26, 'XS20071115001', 'sp1002', 22.0000, 22);
INSERT tb_sell_detail (id, sellID, spid, dj, sl) VALUES (27, 'XS20071206001', 'sp1005', 40.0000, 10);

INSERT tb_ruku_main (rkID, pzs, je, ysjl, gysname, rkdate, czy, jsr, jsfs) VALUES ('RK20071016001', 2, 14704.0000, '合格', '振撼*琴行', "2007-10-16 02:57:00", '测试人员', '某人', '现金');
INSERT tb_ruku_main (rkID, pzs, je, ysjl, gysname, rkdate, czy, jsr, jsfs) VALUES ('RK20071016002', 1, 4000.0000, '合格', '振撼*琴行', "2007-10-16 02:57:00", '测试人员', '小小', '现金');
INSERT tb_ruku_main (rkID, pzs, je, ysjl, gysname, rkdate, czy, jsr, jsfs) VALUES ('RK20071016003', 2, 9000.0000, '合格', '振撼*琴行', "2007-10-16 02:57:00", '测试人员', '小小', '现金');
INSERT tb_ruku_main (rkID, pzs, je, ysjl, gysname, rkdate, czy, jsr, jsfs) VALUES ('RK20071016004', 2, 1100.0000, '1111', '振撼*琴行', "2007-10-16 02:57:00", '测试人员', '1111', '现金');
INSERT tb_ruku_main (rkID, pzs, je, ysjl, gysname, rkdate, czy, jsr, jsfs) VALUES ('RK20071016005', 2, 101100.0000, 'fdsa', '振撼*琴行', "2007-10-16 02:57:00", '测试人员', 'fds', '现金');
INSERT tb_ruku_main (rkID, pzs, je, ysjl, gysname, rkdate, czy, jsr, jsfs) VALUES ('RK20071016006', 2, 1577232.0000, 'fdsa', '振撼*琴行', "2007-10-16 02:57:00", '测试人员', 'fds', '现金');
INSERT tb_ruku_main (rkID, pzs, je, ysjl, gysname, rkdate, czy, jsr, jsfs) VALUES ('RK20071020001', 1, 2784.0000, 'fff', '振撼*琴行', "2007-10-16 02:57:00", 'mr', 'lzw', '现金');
INSERT tb_ruku_main (rkID, pzs, je, ysjl, gysname, rkdate, czy, jsr, jsfs) VALUES ('RK20071109001', 1, 484.0000, '合格', '新*纪文化百货商城', "2007-10-16 02:57:00", 'mr', '玲子', '现金');
INSERT tb_ruku_main (rkID, pzs, je, ysjl, gysname, rkdate, czy, jsr, jsfs) VALUES ('RK20071109002', 1, 100.0000, '合格', '新*纪文化百货商城', "2007-10-16 02:57:00", 'mr', '玲子', '现金');
INSERT tb_ruku_main (rkID, pzs, je, ysjl, gysname, rkdate, czy, jsr, jsfs) VALUES ('RK20071109003', 1, 4000.0000, '合格', '振撼*琴行', "2007-10-16 02:57:00", 'mr', '小百', '现金');
INSERT tb_ruku_main (rkID, pzs, je, ysjl, gysname, rkdate, czy, jsr, jsfs) VALUES ('RK20071112001', 1, 10000.0000, '010', '吉林省明**业有限公司', "2007-10-16 02:57:00", 'mr', '11', '现金');
INSERT tb_ruku_main (rkID, pzs, je, ysjl, gysname, rkdate, czy, jsr, jsfs) VALUES ('RK20071206001', 1, 1000.0000, '合格', '吉林省明**业有限公司', "2007-10-16 02:57:00", '科技', '一一', '现金');

INSERT tb_ruku_detail (id, rkID, spid, dj, sl) VALUES (40, 'RK20071016001', 'sp1004', 12.0000, 1142);
INSERT tb_ruku_detail (id, rkID, spid, dj, sl) VALUES (41, 'RK20071016001', 'sp1001', 10.0000, 100);
INSERT tb_ruku_detail (id, rkID, spid, dj, sl) VALUES (42, 'RK20071016002', 'sp1001', 10.0000, 400);
INSERT tb_ruku_detail (id, rkID, spid, dj, sl) VALUES (43, 'RK20071016003', 'sp1005', 10.0000, 400);
INSERT tb_ruku_detail (id, rkID, spid, dj, sl) VALUES (44, 'RK20071016003', 'sp1001', 10.0000, 500);
INSERT tb_ruku_detail (id, rkID, spid, dj, sl) VALUES (45, 'RK20071016004', 'sp1005', 10.0000, 100);
INSERT tb_ruku_detail (id, rkID, spid, dj, sl) VALUES (46, 'RK20071016004', 'sp1001', 10.0000, 10);
INSERT tb_ruku_detail (id, rkID, spid, dj, sl) VALUES (47, 'RK20071016005', 'sp1004', 10.0000, 110);
INSERT tb_ruku_detail (id, rkID, spid, dj, sl) VALUES (48, 'RK20071016005', 'sp1005', 100.0000, 1000);
INSERT tb_ruku_detail (id, rkID, spid, dj, sl) VALUES (49, 'RK20071016006', 'sp1004', 321.0000, 432);
INSERT tb_ruku_detail (id, rkID, spid, dj, sl) VALUES (50, 'RK20071016006', 'sp1005', 432.0000, 3330);
INSERT tb_ruku_detail (id, rkID, spid, dj, sl) VALUES (51, 'RK20071020001', 'sp1004', 12.0000, 232);
INSERT tb_ruku_detail (id, rkID, spid, dj, sl) VALUES (52, 'RK20071109001', 'sp1002', 22.0000, 22);
INSERT tb_ruku_detail (id, rkID, spid, dj, sl) VALUES (53, 'RK20071109002', 'sp1007', 10.0000, 10);
INSERT tb_ruku_detail (id, rkID, spid, dj, sl) VALUES (54, 'RK20071109003', 'sp1005', 40.0000, 100);
INSERT tb_ruku_detail (id, rkID, spid, dj, sl) VALUES (55, 'RK20071112001', 'sp1008', 10.0000, 1000);
INSERT tb_ruku_detail (id, rkID, spid, dj, sl) VALUES (56, 'RK20071206001', 'sp1008', 10.0000, 100);

INSERT tb_rkth_main (rkthID, pzs, je, ysjl, gysname, rtdate, czy, jsr, jsfs) VALUES ('RT20050923001', 1, 3.5000, '3.50', '新*纪文化百货商城', "2007-10-16 02:57:00", 'admi', 'wgh', '现金');
INSERT tb_rkth_main (rkthID, pzs, je, ysjl, gysname, rtdate, czy, jsr, jsfs) VALUES ('RT20050926001', 1, 34.0000, '0.00', '振撼*琴行', "2007-10-16 02:57:00", 'admi', 'wg', '现金');
INSERT tb_rkth_main (rkthID, pzs, je, ysjl, gysname, rtdate, czy, jsr, jsfs) VALUES ('RT20051005001', 1, 3.4000, '0.00', '振撼*琴行', "2007-10-16 02:57:00", 'admi', 'hj', '现金');
INSERT tb_rkth_main (rkthID, pzs, je, ysjl, gysname, rtdate, czy, jsr, jsfs) VALUES ('RT20051005002', 2, 893.4000, '0.00', '振撼*琴行', "2007-10-16 02:57:00", 'admi', 'wq', '现金');
INSERT tb_rkth_main (rkthID, pzs, je, ysjl, gysname, rtdate, czy, jsr, jsfs) VALUES ('RT20071020001', 2, 4550.0000, '33333', '振撼*琴行', "2007-10-16 02:57:00", 'mr', '33333', '现金');
INSERT tb_rkth_main (rkthID, pzs, je, ysjl, gysname, rtdate, czy, jsr, jsfs) VALUES ('RT20071109001', 1, 101000.0000, '合格', '振撼*琴行', "2007-10-16 02:57:00", 'mr', '00', '现金');
INSERT tb_rkth_main (rkthID, pzs, je, ysjl, gysname, rtdate, czy, jsr, jsfs) VALUES ('RT20071109002', 1, 400.0000, '质量有问题', '振撼*琴行', "2007-10-16 02:57:00", 'mr', '11', '现金');
INSERT tb_rkth_main (rkthID, pzs, je, ysjl, gysname, rtdate, czy, jsr, jsfs) VALUES ('RT20071206001', 1, 10000.0000, '过期', '吉林省明**业有限公司', "2007-10-16 02:57:00", '科技', '55', '现金');
INSERT tb_rkth_main (rkthID, pzs, je, ysjl, gysname, rtdate, czy, jsr, jsfs) VALUES ('RT20071206002', 1, 500.0000, '2', '吉林省明**业有限公司', "2007-10-16 02:57:00", '科技', '232', '现金');

INSERT tb_rkth_detail (id, rkthID, spid, dj, sl) VALUES (1, 'RT20050923001', 'sp1003', 3.5000, 1);
INSERT tb_rkth_detail (id, rkthID, spid, dj, sl) VALUES (2, 'RT20050926001', 'sp1003', 3.4000, 10);
INSERT tb_rkth_detail (id, rkthID, spid, dj, sl) VALUES (3, 'RT20051005002', 'sp1003', 3.4000, 1);
INSERT tb_rkth_detail (id, rkthID, spid, dj, sl) VALUES (4, 'RT20051005002', 'sp1002', 890.0000, 1);
INSERT tb_rkth_detail (id, rkthID, spid, dj, sl) VALUES (6, 'RT20071020001', 'sp1005', 431.0000, 10);
INSERT tb_rkth_detail (id, rkthID, spid, dj, sl) VALUES (7, 'RT20071020001', 'sp1004', 120.0000, 2);
INSERT tb_rkth_detail (id, rkthID, spid, dj, sl) VALUES (8, 'RT20071109001', 'sp1001', 101.0000, 1000);
INSERT tb_rkth_detail (id, rkthID, spid, dj, sl) VALUES (9, 'RT20071109002', 'sp1005', 40.0000, 10);
INSERT tb_rkth_detail (id, rkthID, spid, dj, sl) VALUES (10, 'RT20071206001', 'sp1008', 10.0000, 1000);
INSERT tb_rkth_detail (id, rkthID, spid, dj, sl) VALUES (11, 'RT20071206002', 'sp1008', 10.0000, 50);

INSERT tb_kucun (id, spname, jc, cd, gg, bz, dw, dj, kcsl) VALUES ('sp1001', '电吉他', '吉他1', '中*大连', 'FD－3100', '盒', '把', 100.0000, -1000);
INSERT tb_kucun (id, spname, jc, cd, gg, bz, dw, dj, kcsl) VALUES ('sp1002', '木吉他', '吉他', '中**海', 'HM2100', '盒', '把', 22.0000, 0);
INSERT tb_kucun (id, spname, jc, cd, gg, bz, dw, dj, kcsl) VALUES ('sp1004', '木吉他', 'mlt', '中*上海', 'HM1000', '盒', '把', 120.0000, 230);
INSERT tb_kucun (id, spname, jc, cd, gg, bz, dw, dj, kcsl) VALUES ('sp1005', '润*滴眼液', 'RZDYY', '山*正大福*达制药有限公司', '10ml/支', '纸盒', '盒', 10.0000, 19395);
INSERT tb_kucun (id, spname, jc, cd, gg, bz, dw, dj, kcsl) VALUES ('sp1007', '铅笔', 'QB', '长春', '9*', '沿着', '铅笔厂', 20.0000, 6);
INSERT tb_kucun (id, spname, jc, cd, gg, bz, dw, dj, kcsl) VALUES ('sp1008', '手工艺品', 'SAYP', '长春市', '1', '5', '长春', 10.0000, 50);


INSERT tb_khinfo (id, khname, jian, address, bianma, tel, fax, lian, ltel, mail, xinhang, hao) VALUES ('kh1003', '五*缤纷', '五彩', '长春市', '122', '45644', '8888', '路路', '1000402', '0*@*4.com', '25250', '020202');
INSERT tb_khinfo (id, khname, jian, address, bianma, tel, fax, lian, ltel, mail, xinhang, hao) VALUES ('kh1004', '小小公司', 'XXGS', '长春市', '1010', '1111', '1111', '明子', '121212', '88*@.com', '8888', '88');
INSERT tb_khinfo (id, khname, jian, address, bianma, tel, fax, lian, ltel, mail, xinhang, hao) VALUES ('kh1005', 'W王有限公司', 'WW', '长春市人民大街', '121', '898', '0431-888', '王先生', '135994', '88*@2.com', '3333', '33334');

INSERT tb_gysinfo (id, name, jc, address, bianma, tel, fax, lian, ltel, yh, mail) VALUES ('gys1001                       ', '振*琴行                                                    ', '琴行                                              ', '吉林省长春市                                        ', '1300                       ', '0431－6930**                 ', '52186**                      ', '邵X                          ', '130668*****                 ', '中国人民银行                                      ', 'sha*@*a.com                 ');
INSERT tb_gysinfo (id, name, jc, address, bianma, tel, fax, lian, ltel, yh, mail) VALUES ('gys1002                       ', '新*纪文化百货商城                                          ', '新*                                              ', '吉林省辽源市                                  ', '1363                     ', '0437-6930**                 ', '52186**                       ', '于X                          ', '138686*****', '中国人民银行                                      ', 'y*@*.com                  ');
INSERT tb_gysinfo (id, name, jc, address, bianma, tel, fax, lian, ltel, yh, mail) VALUES ('gys1004                       ', '吉林省明**业有限公司                                      ', 'JLMRSY                                            ', '长春市东盛大街89号                                          ', '                              ', '0431-4972**                ', '                              ', 'ww                            ', '                              ', '                                                  ', '                              ');
INSERT tb_gysinfo (id, name, jc, address, bianma, tel, fax, lian, ltel, yh, mail) VALUES ('gys1005', '笔*有限公司', 'BHYXGS', '长在市', '1111', '1212', '2151', '毛皮', '44411', '8*@1*.com', '8885');
INSERT tb_gysinfo (id, name, jc, address, bianma, tel, fax, lian, ltel, yh, mail) VALUES ('gys1006', '小公司', 'XGA', '长春', '141', '020', '2020', '一小', '20', '9*@.com', '2020');
INSERT tb_gysinfo (id, name, jc, address, bianma, tel, fax, lian, ltel, yh, mail) VALUES ('gys1007', 'LL有限公司', 'LL', '长春市小区区', '111', '4444', '0431-999', '闰小姐', '135899', '00000', '00000');
